City,Lat,Lon,Max Temp,Humidity,Cloudiness,Wind Speed,Country,Date
Cherskiy,68.75,161.3,251.5,79,79,1.66,RU,1612592897
Iquitos,-3.7481,-73.2472,296.15,94,90,1.03,PE,1612592897
Lorengau,-2.0226,147.2712,301.85,72,77,0.53,PG,1612592898
Thompson,55.7435,-97.8558,240.15,68,40,4.63,CA,1612592898
Ozark,37.0209,-93.206,272.59,81,98,1.46,US,1612592898
Cabo San Lucas,22.8909,-109.9124,291.48,43,73,0.45,MX,1612592712
Kapit,2.0167,112.9333,303.85,69,83,1.42,MY,1612592898
Tuktoyaktuk,69.4541,-133.0374,240.15,75,1,3.09,CA,1612592898
Talcahuano,-36.7167,-73.1167,288.15,88,90,2.06,CL,1612592899
Valuyki,50.2035,38.1067,265.3,87,21,5.55,RU,1612592899
Puerto Ayora,-0.7393,-90.3518,297.04,96,12,3.73,EC,1612592701
Hilo,19.7297,-155.09,295.15,68,75,2.71,US,1612592899
Isangel,-19.55,169.2667,301.28,68,10,1.84,VU,1612592841
Cidreira,-30.1811,-50.2056,292.12,76,12,4.85,BR,1612592899
Dhidhdhoo,6.8833,73.1,301.18,71,15,4.27,MV,1612592771
Esperance,-33.8667,121.9,292.15,68,75,7.2,AU,1612592899
Kavieng,-2.5744,150.7967,300.43,77,100,0.82,PG,1612592751
Katsuura,35.1333,140.3,289.82,44,20,5.66,JP,1612592755
Belaya Gora,68.5333,146.4167,241.73,84,76,2.01,RU,1612592900
Sabang,5.8933,95.3214,300.6,80,6,7.87,ID,1612592771
Albany,42.6001,-73.9662,272.04,89,57,2.85,US,1612592803
Mataura,-46.1927,168.8643,293.84,57,22,2.52,NZ,1612592888
Busselton,-33.65,115.3333,294.26,64,100,1.34,AU,1612592900
Katherine,-14.4667,132.2667,302.15,74,40,3.6,AU,1612592900
Tall Kayf,37.0833,41.0667,283.15,53,0,6.17,TR,1612592900
San Vicente,-26.6167,-54.1333,285.14,100,6,1.0,AR,1612592901
Sawtell,-30.3833,153.1,300.37,73,63,8.23,AU,1612592901
Aklavik,68.2191,-135.0107,245.15,76,57,1.54,CA,1612592901
East London,-33.0153,27.9116,296.15,94,90,2.57,ZA,1612592901
Manta,-0.95,-80.7333,298.15,83,75,2.72,EC,1612592782
Fortuna,40.5982,-124.1573,283.15,100,90,2.68,US,1612592901
Kempele,64.9131,25.5034,263.15,92,20,2.06,FI,1612592901
Lagoa,39.05,-27.9833,287.85,84,100,6.82,PT,1612592901
Ushuaia,-54.8,-68.3,278.15,87,40,9.26,AR,1612592674
Rikitea,-23.1203,-134.9692,298.47,75,23,7.37,PF,1612592902
Kapaa,22.0752,-159.319,291.15,72,1,3.6,US,1612592902
Punta Arenas,-53.15,-70.9167,280.15,65,40,3.6,CL,1612592902
Rio Grande,-32.035,-52.0986,289.26,91,79,4.58,BR,1612592902
Saint Paul Harbor,57.79,-152.4072,276.15,44,1,7.2,US,1612592902
Tuatapere,-46.1333,167.6833,290.14,70,27,2.81,NZ,1612592902
Peleduy,59.6289,112.7406,258.45,91,100,4.07,RU,1612592903
Severnyy,50.677,36.5532,263.15,85,75,5.0,RU,1612592903
Dongsheng,39.8161,109.9776,276.05,59,0,9.53,CN,1612592903
Gainesville,29.6516,-82.3248,284.26,87,90,2.06,US,1612592757
Mackay,-21.15,149.2,303.15,66,40,5.66,AU,1612592903
Lokomotivnyy,53.0118,60.5684,274.6,100,100,7.34,RU,1612592903
Saskylakh,71.9167,114.0833,236.91,83,88,1.57,RU,1612592904
Yellowknife,62.456,-114.3525,233.15,74,20,2.06,CA,1612592904
Yangi Marg`ilon,40.4272,71.7189,281.15,49,100,1.99,UZ,1612592904
Jalingo,8.8833,11.3667,294.16,23,1,2.12,NG,1612592904
Bredasdorp,-34.5322,20.0403,291.15,94,0,0.51,ZA,1612592904
Lata,40.1629,-8.3327,283.71,89,100,1.34,PT,1612592904
Greater Sudbury,46.49,-80.99,264.82,85,75,4.12,CA,1612592667
Talnakh,69.4865,88.3972,240.52,82,25,2.27,RU,1612592856
Khatanga,71.9667,102.5,236.14,79,1,2.37,RU,1612592905
Port-Gentil,-0.7193,8.7815,300.15,94,40,2.06,GA,1612592905
Coyhaique,-45.5752,-72.0662,290.15,55,0,3.6,CL,1612592905
Honiara,-9.4333,159.95,301.04,80,100,3.45,SB,1612592727
Arraial do Cabo,-22.9661,-42.0278,296.59,95,100,4.4,BR,1612592905
Kawalu,-7.3817,108.2082,302.45,66,79,0.7,ID,1612592905
Butaritari,3.0707,172.7902,299.49,87,99,7.73,KI,1612592906
Dingle,10.9995,122.6711,302.55,68,87,6.43,PH,1612592906
Lebu,-37.6167,-73.65,287.77,94,72,1.06,CL,1612592906
Zhiryatino,53.2228,33.7306,258.15,85,40,4.0,RU,1612592906
Saint Anthony,45.0205,-93.218,257.15,66,1,4.63,US,1612592906
Jamestown,42.097,-79.2353,268.15,93,90,5.66,US,1612592907
Balsas,-7.5325,-46.0356,296.55,91,100,1.64,BR,1612592907
Saint George,37.1041,-113.5841,282.04,36,1,2.57,US,1612592712
Hobart,-42.8794,147.3294,296.15,43,40,7.72,AU,1612592907
Atuona,-9.8,-139.0333,299.55,82,5,9.19,PF,1612592907
Berlevåg,70.8578,29.0864,270.11,90,100,8.94,NO,1612592907
Port Alfred,-33.5906,26.891,295.93,90,98,6.35,ZA,1612592707
Ōhara,35.25,140.3833,289.82,29,20,2.06,JP,1612592908
Ancud,-41.8697,-73.8203,289.82,73,0,0.34,CL,1612592748
Dukat,62.55,155.55,244.67,87,77,1.54,RU,1612592908
Sibu,2.3,111.8167,303.15,74,40,3.09,MY,1612592857
Pontes e Lacerda,-15.2261,-59.3353,293.71,74,89,0.41,BR,1612592908
Nizwá,22.9333,57.5333,294.89,33,0,2.2,OM,1612592908
Nikolskoye,59.7035,30.7861,261.48,79,75,5.0,RU,1612592909
Cassilândia,-19.1133,-51.7342,293.67,84,34,1.18,BR,1612592909
Upernavik,72.7868,-56.1549,261.74,75,100,1.87,GL,1612592909
Avarua,-21.2078,-159.775,300.15,78,20,1.03,CK,1612592910
Chiang Khong,20.2613,100.4046,302.59,99,0,1.59,TH,1612592911
Saldanha,-33.0117,17.9442,292.15,88,0,6.17,ZA,1612592911
George Town,5.4112,100.3354,306.15,52,20,3.6,MY,1612592865
Thongwa,16.7619,96.5278,305.15,48,0,1.54,MM,1612592911
Kouroussa,10.65,-9.8833,293.27,27,4,1.56,GN,1612592911
Meulaboh,4.1363,96.1285,303.58,60,37,2.66,ID,1612592733
Iqaluit,63.7506,-68.5145,265.15,86,20,7.72,CA,1612592911
Qaanaaq,77.484,-69.3632,255.55,79,100,3.29,GL,1612592708
Bhatkal,13.9667,74.5667,302.06,39,2,2.65,IN,1612592912
San Patricio,28.017,-97.5169,289.15,88,90,5.66,US,1612592912
Praia,14.9215,-23.5087,293.15,73,75,9.26,CV,1612592913
Ponta do Sol,32.6667,-17.1,284.26,68,53,1.34,PT,1612592750
Bernalda,40.4128,16.692,286.15,88,90,1.54,IT,1612592913
Tasiilaq,65.6145,-37.6368,269.15,63,20,4.63,GL,1612592913
Portland,45.5234,-122.6762,281.48,76,75,1.54,US,1612592678
Dikson,73.5069,80.5464,239.16,85,57,4.72,RU,1612592913
Klaksvík,62.2266,-6.589,273.15,93,75,8.23,FO,1612592914
Bogoslovka,53.2084,44.8013,256.57,93,100,5.85,RU,1612592914
São Filipe,14.8961,-24.4956,293.87,74,14,6.32,CV,1612592914
Sheopur,25.6667,76.7,295.34,25,0,3.09,IN,1612592914
Kokstad,-30.5472,29.4241,293.62,80,65,0.93,ZA,1612592914
Soe,-9.8607,124.284,298.37,73,100,5.61,ID,1612592914
Rawson,-43.3002,-65.1023,289.12,70,0,5.98,AR,1612592915
Huron,41.1501,-82.5499,264.82,73,49,4.02,US,1612592915
Vostok,46.4856,135.8833,259.34,93,100,2.66,RU,1612592915
Waddān,29.1614,16.139,286.85,38,72,2.39,LY,1612592915
Broome,42.2506,-75.833,269.15,50,75,6.69,US,1612592817
Abu Samrah,35.3029,37.1841,284.23,79,0,1.61,SY,1612592915
Adré,13.4667,22.2,286.45,37,45,11.08,TD,1612592916
Arang,21.2,81.9667,300.15,26,2,1.03,IN,1612592916
Eureka,40.8021,-124.1637,282.04,94,72,3.02,US,1612592813
Chui,-33.6971,-53.4616,287.72,92,2,2.9,UY,1612592773
Salina,38.8403,-97.6114,272.15,64,90,5.14,US,1612592820
São Caetano de Odivelas,-0.75,-48.02,296.53,93,68,1.94,BR,1612592916
Saint-Philippe,-21.3585,55.7679,303.15,62,0,3.09,RE,1612592750
Ludvika,60.1496,15.1878,261.48,92,61,4.12,SE,1612592917
Kyra,49.5776,111.9753,260.5,81,17,5.48,RU,1612592917
Kaitangata,-46.2817,169.8464,289.68,70,29,2.01,NZ,1612592917
Turbat,26.0023,63.044,296.98,14,0,1.76,PK,1612592917
Barrow,71.2906,-156.7887,252.15,77,90,3.09,US,1612592739
Bluff,-46.6,168.3333,288.15,81,26,4.63,NZ,1612592880
New Norfolk,-42.7826,147.0587,295.93,59,56,1.79,AU,1612592917
Okha,53.5739,142.9478,255.44,91,100,9.88,RU,1612592917
Mar del Plata,-38.0023,-57.5575,295.37,77,0,5.66,AR,1612592918
Vao,-22.6667,167.4833,299.06,84,0,4.26,NC,1612592918
Naze,28.3667,129.4833,295.15,64,75,3.6,JP,1612592918
Huoqiu,32.3394,116.2694,291.75,33,55,4.3,CN,1612592918
Kanigiri,15.4,79.5167,301.49,37,11,3.13,IN,1612592918
Seymchan,62.8833,152.4333,244.08,86,98,0.99,RU,1612592918
Balabac,7.9868,117.0645,301.54,76,100,6.92,PH,1612592919
Laas,46.6166,10.7002,277.59,93,90,2.57,IT,1612592784
Vaini,-21.2,-175.2,299.15,100,75,2.06,TO,1612592919
Sampit,-2.5333,112.95,308.41,48,100,0.88,ID,1612592919
Hithadhoo,-0.6,73.0833,300.98,78,91,7.08,MV,1612592700
Mount Isa,-20.7333,139.5,309.15,36,40,5.14,AU,1612592919
Luangwa,-15.6167,30.4167,298.58,84,76,2.06,ZM,1612592919
Canto do Buriti,-8.11,-42.9444,294.95,94,84,0.77,BR,1612592919
Igarka,67.4667,86.5833,243.26,85,100,4.51,RU,1612592920
Jinka,5.65,36.65,298.29,35,27,0.9,ET,1612592920
Eydhafushi,5.1033,73.0708,300.78,74,25,4.51,MV,1612592920
Harper,4.375,-7.7169,299.14,90,61,1.82,LR,1612592920
Coquimbo,-29.9533,-71.3436,289.15,82,90,3.09,CL,1612592920
Samarai,-10.6167,150.6667,302.69,72,99,3.05,PG,1612592920
Erzin,36.9559,36.2,285.37,69,0,0.89,TR,1612592921
Mount Gambier,-37.8333,140.7667,293.15,56,40,8.75,AU,1612592921
Nuuk,64.1835,-51.7216,266.15,68,66,8.23,GL,1612592921
Half Moon Bay,37.4636,-122.4286,284.15,76,1,2.04,US,1612592921
Ribeira Grande,38.5167,-28.7,288.39,83,100,5.82,PT,1612592921
Codrington,-38.2667,141.9667,293.7,57,3,9.67,AU,1612592922
Puerto Quijarro,-17.7833,-57.7667,294.23,61,73,1.44,BO,1612592922
Clearwater,27.9659,-82.8001,292.04,82,34,4.52,US,1612592656
Bend,44.0582,-121.3153,274.82,75,1,4.86,US,1612592922
Sitka,57.0531,-135.33,275.15,87,90,1.54,US,1612592922
Vallenar,-28.5708,-70.7581,288.88,78,0,1.15,CL,1612592922
Ciudad Bolivar,8.1222,-63.5497,297.56,73,100,5.51,VE,1612592922
Jijiga,9.35,42.8,293.95,26,0,1.9,ET,1612592922
La Ronge,55.1001,-105.2842,242.15,75,25,2.06,CA,1612592923
Bairiki Village,1.3292,172.9752,301.15,78,75,2.57,KI,1612592923
Salinas,36.6777,-121.6555,281.15,93,1,1.59,US,1612592677
Qaraçala,39.8132,48.9523,283.61,60,60,3.44,AZ,1612592923
Northview,43.0456,-85.6006,263.71,91,100,5.96,US,1612592923
Yenagoa,4.9247,6.2642,298.16,92,0,1.4,NG,1612592923
Mahébourg,-20.4081,57.7,301.15,78,40,4.12,MU,1612592706
General Roca,-39.0333,-67.5833,299.15,31,0,3.09,AR,1612592924
Sikasso,10.9167,-7.0,294.72,24,39,0.48,ML,1612592924
Hambantota,6.1241,81.1185,304.15,70,40,2.57,LK,1612592753
Española,35.9911,-106.0806,275.37,32,1,6.69,US,1612592924
Marsabit,2.3284,37.9899,293.11,76,15,6.67,KE,1612592924
Castro,-24.7911,-50.0119,285.39,77,0,1.87,BR,1612592924
Merauke,-8.4667,140.3333,303.1,73,58,8.53,ID,1612592924
Xining,36.6167,101.7667,275.68,45,99,1.81,CN,1612592925
Pitimbu,-7.4706,-34.8086,296.15,94,20,1.03,BR,1612592925
Sobolevo,54.4299,31.8996,253.12,92,82,3.62,RU,1612592860
Chapais,49.7834,-74.8492,269.15,93,90,3.09,CA,1612592925
Batemans Bay,-35.7167,150.1833,304.82,37,56,0.45,AU,1612592925
Turkmenabat,39.0733,63.5786,289.15,21,0,6.17,TM,1612592926
Adrar,20.5022,-10.0711,285.53,56,89,4.24,MR,1612592926
Pāsighāt,28.0667,95.3333,300.05,19,0,1.85,IN,1612592862
Ixtapa,20.7,-105.2,293.15,88,1,1.05,MX,1612592681
Bouna,9.2667,-3.0,295.48,52,66,1.41,CI,1612592926
Cape Town,-33.9258,18.4232,295.37,88,40,7.2,ZA,1612592402
Buta,2.7858,24.73,295.09,92,72,0.76,CD,1612592927
Havre-St-Pierre,50.2334,-63.5986,272.15,100,90,6.17,CA,1612592927
Sehithwa,-20.4667,22.7167,293.83,95,100,3.12,BW,1612592927
Douentza,14.9951,-2.9517,294.11,23,98,2.72,ML,1612592927
Vanimo,-2.6741,141.3028,301.39,70,91,2.46,PG,1612592927
Pangoa,-12.1167,-73.0,293.5,96,97,0.62,PE,1612592928
Shubarshi,48.5872,57.1869,274.85,99,100,6.63,KZ,1612592831
Manzhouli,49.6,117.4333,256.17,88,4,3.86,CN,1612592928
Mnogovershinnyy,53.9353,139.9242,252.46,91,96,3.11,RU,1612592928
Lavrentiya,65.5833,-171.0,256.99,91,100,4.5,RU,1612592852
Norman Wells,65.282,-126.8329,231.15,66,20,1.03,CA,1612592851
Nanortalik,60.1432,-45.2371,266.69,74,0,2.57,GL,1612592928
Luján,-34.5703,-59.105,290.93,98,0,2.75,AR,1612592928
Newport,51.5877,-2.9984,274.82,94,44,0.45,GB,1612592929
Te Anau,-45.4167,167.7167,295.61,49,12,0.64,NZ,1612592929
Celestún,20.8667,-90.4,295.97,77,0,4.44,MX,1612592929
Solikamsk,59.6196,56.7729,273.96,99,100,2.48,RU,1612592929
Leningradskiy,69.3833,178.4167,249.65,87,100,3.19,RU,1612592929
Tarboro,35.8968,-77.5358,280.15,80,1,2.06,US,1612592930
Hermanus,-34.4187,19.2345,294.26,86,1,1.22,ZA,1612592735
Vila Franca do Campo,37.7167,-25.4333,287.15,82,75,3.6,PT,1612592930
Jutaí,-5.1833,-68.9,295.2,98,100,0.77,BR,1612592930
College,64.8569,-147.8028,249.15,70,75,1.54,US,1612592828
Imbituba,-28.24,-48.6703,294.15,73,75,1.03,BR,1612592930
Flinders,-34.5833,150.8552,298.15,85,100,1.34,AU,1612592930
Ballina,-28.8667,153.5667,301.15,65,38,4.63,AU,1612592931
Morgan City,29.6994,-91.2068,282.15,93,90,3.09,US,1612592931
Poya,-21.35,165.15,300.16,75,24,2.41,NC,1612592855
Kolāras,25.2333,77.6,294.76,24,0,2.55,IN,1612592931
Kununurra,-15.7667,128.7333,308.15,49,91,4.12,AU,1612592931
Ojinaga,29.5667,-104.4167,285.15,28,1,2.57,MX,1612592932
Havelock,34.8791,-76.9013,282.59,90,100,0.89,US,1612592932
Beringovskiy,63.05,179.3167,250.09,87,44,2.56,RU,1612592932
Makakilo City,21.3469,-158.0858,293.15,68,1,2.06,US,1612592836
Mahabalipuram,12.6264,80.1722,302.15,45,20,6.17,IN,1612592932
Srednekolymsk,67.45,153.6833,247.7,89,57,1.21,RU,1612592932
Villazón,-22.0866,-65.5942,283.06,77,100,3.48,BO,1612592933
Airai,-8.9266,125.4092,293.06,90,96,2.87,TL,1612592933
Khanbari,27.3747,87.2039,291.27,39,71,1.92,NP,1612592933
Fredericton,45.9454,-66.6656,273.15,100,90,2.57,CA,1612592674
Balakliya,49.4627,36.8595,264.15,79,75,6.0,UA,1612592934
Sibolga,1.7427,98.7792,304.32,57,6,2.5,ID,1612592934
Batagay,67.6333,134.6333,239.25,83,100,1.43,RU,1612592934
Puerto Escondido,15.85,-97.0667,298.15,77,73,2.32,MX,1612592934
Ilulissat,69.2167,-51.1,262.15,28,100,3.09,GL,1612592934
Phan Thiet,10.9333,108.1,301.97,54,48,6.13,VN,1612592934
Bengkulu,-3.8004,102.2655,303.26,60,71,4.57,ID,1612592761
Alofi,-19.0595,-169.9187,299.15,83,100,2.06,NU,1612592935
Ostrovnoy,68.0531,39.5131,267.07,92,100,4.75,RU,1612592935
Tessalit,20.1986,1.0114,293.44,22,93,7.86,ML,1612592935
Longyearbyen,78.2186,15.6401,269.15,68,40,5.14,SJ,1612592935
Poum,-20.2333,164.0167,300.28,71,12,3.9,NC,1612592935
Shahrud,36.4182,54.9763,281.25,60,99,3.48,IR,1612592935
Terney,45.0503,136.6092,268.55,85,89,1.73,RU,1612592936
Wilmington,34.2257,-77.9447,283.15,93,75,2.06,US,1612592649
Mt. Pleasant,32.7941,-79.8626,284.15,76,75,3.09,US,1612592936
Bubaque,11.2833,-15.8333,297.87,51,98,8.95,GW,1612592936
Kudahuvadhoo,2.6708,72.8944,300.61,72,42,5.27,MV,1612592741
Virginia Beach,36.8529,-75.978,280.37,76,90,2.06,US,1612592829
Faanui,-16.4833,-151.75,300.73,64,47,2.19,PF,1612592937
Hasaki,35.7333,140.8333,289.82,29,20,2.06,JP,1612592673
Buribay,51.9617,58.1592,274.45,97,100,5.57,RU,1612592937
Sørland,67.667,12.6934,274.81,84,100,12.7,NO,1612592937
Darhan,49.4867,105.9228,261.43,89,3,2.63,MN,1612592937
Karratha,-20.7377,116.8463,302.16,60,31,7.65,AU,1612592937
Itarema,-2.9248,-39.9167,298.24,83,32,4.94,BR,1612592748
Guerrero Negro,27.9769,-114.0611,288.17,74,1,5.64,MX,1612592802
Rheinau,48.8667,8.2,280.93,93,90,1.54,DE,1612592938
Jennings,38.7192,-90.2604,271.48,59,20,2.57,US,1612592938
Marevo,57.3146,32.0804,257.11,93,100,3.81,RU,1612592938
Geraldton,-28.7667,114.6,300.15,57,90,13.38,AU,1612592938
Ørnes,66.8689,13.7078,270.15,93,75,3.09,NO,1612592938
Mansôa,12.0733,-15.3189,291.15,72,83,1.54,GW,1612592938
Marathon,44.9,-89.7668,257.15,66,1,4.63,US,1612592939
Bilma,18.6853,12.9164,288.19,33,17,3.38,NE,1612592939
Puerto Madryn,-42.7692,-65.0385,289.83,68,0,6.28,AR,1612592939
San Quintín,30.4833,-115.95,286.88,84,26,3.58,MX,1612592939
Malaya Serdoba,52.4661,44.9512,257.25,93,100,7.09,RU,1612592940
Serenje,-13.2325,30.2352,291.03,91,81,2.56,ZM,1612592940
Farafangana,-22.8167,47.8333,301.55,70,100,4.39,MG,1612592940
Banda Aceh,5.5577,95.3222,303.13,65,23,4.59,ID,1612592704
São Félix do Xingu,-6.6447,-51.995,296.11,90,100,0.49,BR,1612592940
Lüderitz,-26.6481,15.1594,294.65,51,0,9.17,NA,1612592940
Udachny,66.4167,112.4,238.72,79,0,1.21,RU,1612592659
Suez,29.9737,32.5263,287.79,81,69,1.81,EG,1612592941
Paamiut,61.994,-49.6678,267.32,78,30,1.39,GL,1612592941
Kamenskiy,50.8855,45.488,261.35,91,89,9.5,RU,1612592941
Provideniya,64.3833,-173.3,260.58,93,98,1.53,RU,1612592941
Sablé-sur-Sarthe,47.8376,-0.3329,281.48,100,90,2.06,FR,1612592941
Novoselitskoye,44.7508,43.4369,273.15,64,70,2.0,RU,1612592942
Kibre Mengist,5.8833,38.9833,295.83,31,36,0.51,ET,1612592942
Chokurdakh,70.6333,147.9167,245.01,85,13,4.73,RU,1612592755
Faya,18.3851,42.4509,286.15,76,75,4.12,SA,1612592942
Lompoc,34.6391,-120.4579,286.48,93,1,4.12,US,1612592942
Hofn,64.2539,-15.2082,275.51,82,100,7.6,IS,1612592943
Baiyin,36.5583,104.2081,279.15,11,0,2.0,CN,1612592943
Lincoln,40.8,-96.667,264.26,79,20,3.6,US,1612592660
Westport,41.1415,-73.3579,274.82,63,58,7.66,US,1612592713
Cairns,-16.9167,145.7667,304.82,66,40,2.57,AU,1612592740
Hay River,60.8156,-115.7999,239.15,68,100,2.57,CA,1612592765
Barkot,30.8167,78.2,287.57,33,0,1.56,IN,1612592943
Dinghaicun,26.2847,119.7936,292.15,68,2,5.0,CN,1612592944
Alta Floresta,-9.8756,-56.0861,295.34,98,100,1.44,BR,1612592944
Atyrau,47.1167,51.8833,272.15,74,75,12.0,KZ,1612592944
Tiksi,71.6872,128.8694,245.05,88,100,1.36,RU,1612592944
Bowen,-20.0167,148.2333,303.15,66,90,4.12,AU,1612592944
Susanville,40.4163,-120.653,272.15,93,1,2.57,US,1612592838
Carnarvon,-24.8667,113.6333,303.15,100,89,10.8,AU,1612592945
Strelka,58.0728,93.0344,263.26,95,100,2.2,RU,1612592945
Comodoro Rivadavia,-45.8667,-67.5,285.15,87,20,4.77,AR,1612592945
Melfi,40.9965,15.6514,279.26,68,43,0.45,IT,1612592945
Salaga,8.5508,-0.5188,298.84,69,84,1.32,GH,1612592945
Waipawa,-41.4122,175.5153,290.93,82,96,6.69,NZ,1612592946
Havøysund,70.9963,24.6622,270.15,74,75,7.2,NO,1612592946
Venado Tuerto,-33.7456,-61.9688,290.93,95,0,0.89,AR,1612592946
Mossamedes,-15.1961,12.1522,292.15,88,90,3.15,AO,1612592946
Jászdózsa,47.5661,20.0153,277.15,100,90,3.09,HU,1612592946
Oddur,4.1213,43.8894,297.54,55,63,8.13,SO,1612592947
São Miguel do Araguaia,-13.275,-50.1628,296.01,93,100,1.68,BR,1612592947
Mackenzie,55.2999,-123.1698,259.15,72,90,2.06,CA,1612592947
Itoman,26.1247,127.6694,297.04,60,20,4.12,JP,1612592947
Tabou,4.423,-7.3528,298.75,91,47,1.72,CI,1612592947
Taoudenni,22.6783,-3.9836,291.55,31,95,3.59,ML,1612592948
Severo-Kuril'sk,50.6789,156.125,264.48,83,54,5.08,RU,1612592948
Marabu,4.4148,114.0089,303.15,84,40,4.63,MY,1612592833
Charleston,32.7766,-79.9309,284.15,76,90,4.63,US,1612592943
Rocha,-34.4833,-54.3333,286.64,90,0,2.41,UY,1612592948
Maceió,-9.6658,-35.7353,296.15,94,20,1.03,BR,1612592858
Tautira,-17.7333,-149.15,300.15,69,40,1.54,PF,1612592948
Avera,33.194,-82.5271,281.15,61,90,1.58,US,1612592948
Hong Kong,22.2855,114.1577,297.15,46,20,3.6,HK,1612592654
Mahibadhoo,3.7833,72.9667,300.55,74,25,4.76,MV,1612592949
Palmer,42.1584,-72.3287,272.59,86,1,3.55,US,1612592949
Mezhdurechenskiy,59.6,65.9333,275.59,98,100,4.31,RU,1612592949
Saint-Pierre,-21.3393,55.4781,303.15,62,0,3.09,RE,1612592949
Vardø,70.3705,31.1107,270.83,91,100,10.62,NO,1612592949
Pevek,69.7008,170.3133,248.9,87,99,1.63,RU,1612592949
Ginir,7.1333,40.7,293.18,32,46,2.11,ET,1612592950
Lázaro Cárdenas,17.9583,-102.2,296.32,79,23,1.81,MX,1612592856
Uvat,59.1433,68.8953,275.34,99,100,5.09,RU,1612592950
Tabas,33.5959,56.9244,287.15,19,51,1.03,IR,1612592950
Acapulco de Juárez,16.8634,-99.8901,297.2,76,34,1.4,MX,1612592675
Jizan,17.3333,42.6667,295.15,88,75,3.09,SA,1612592950
Keti Bandar,24.1447,67.4497,298.17,19,0,3.07,PK,1612592951
Karla,59.3723,24.9275,264.26,85,90,4.63,EE,1612592951
Morros,-9.4467,-46.3003,295.72,90,100,1.89,BR,1612592951
Irpa Irpa,-17.7167,-66.2667,291.15,63,75,1.54,BO,1612592951
Doha,25.2867,51.5333,297.04,73,0,6.17,QA,1612592951
Mahanoro,-19.9,48.8,302.08,63,87,4.15,MG,1612592951
Ahipara,-35.1667,173.1667,291.22,87,100,1.56,NZ,1612592951
Khingansk,49.1167,131.1833,251.91,91,99,3.19,RU,1612592952
Ikryanoye,46.0932,47.7308,272.15,59,75,10.0,RU,1612592952
Cockburn Town,21.4612,-71.1419,298.38,82,2,8.72,TC,1612592952
Sioux Lookout,50.1001,-91.917,252.15,71,90,8.23,CA,1612592952
Awjilah,29.1081,21.2869,286.14,57,28,2.89,LY,1612592953
Goderich,43.7501,-81.7165,266.15,68,100,11.32,CA,1612592953
Sinnamary,5.3833,-52.95,298.41,87,74,5.09,GF,1612592767
Manacapuru,-3.2997,-60.6206,299.15,94,0,1.03,BR,1612592953
Douglas,41.3,-96.167,263.71,79,1,1.69,US,1612592953
San Policarpo,12.1791,125.5072,301.39,75,63,5.47,PH,1612592953
Torbay,47.6666,-52.7314,274.82,93,90,11.83,CA,1612592953
Yar-Sale,66.8333,70.8333,243.31,87,98,5.93,RU,1612592954
Salisbury,51.0693,-1.7957,272.15,100,75,0.74,GB,1612592954
Villa del Rosario,7.8339,-72.4742,295.52,76,100,1.18,CO,1612592954
Pemangkat,1.1667,108.9667,300.37,83,100,5.68,ID,1612592954
Bathsheba,13.2167,-59.5167,298.15,61,40,10.8,BB,1612592954
Montrose,38.4166,-108.2673,271.48,71,54,0.89,US,1612592954
Omboué,-1.5746,9.2618,298.1,90,74,2.61,GA,1612592753
Clonakilty,51.6231,-8.8706,277.59,93,75,4.12,IE,1612592955
Viedma,-40.8135,-62.9967,289.82,80,0,6.74,AR,1612592955
Luanda,-8.8368,13.2343,299.15,83,75,1.03,AO,1612592769
Amlamé,7.4667,0.9,297.43,76,96,0.98,TG,1612592955
Atar,20.5169,-13.0499,283.65,73,71,3.06,MR,1612592956
Vinukonda,16.05,79.75,301.52,39,20,3.01,IN,1612592956
Valdivia,-39.8142,-73.2459,285.15,100,90,1.03,CL,1612592945
Simplício Mendes,-7.8539,-41.9103,295.04,92,55,1.0,BR,1612592956
Kamaishi,39.2667,141.8833,279.15,75,75,3.09,JP,1612592956
Nyaunglebin,17.95,96.7333,308.25,25,0,1.02,MM,1612592957
Mujiayingzi,42.1167,118.7833,268.51,94,70,3.49,CN,1612592957
Rodolfo Sánchez Taboada,31.7167,-116.5667,285.34,81,18,1.6,MX,1612592957
Sistranda,63.7256,8.834,266.15,93,40,6.17,NO,1612592914
Port Elizabeth,-33.918,25.5701,295.15,88,75,3.6,ZA,1612592957
Pahrump,36.2083,-115.9839,281.48,33,0,2.36,US,1612592579
Prichard,30.7388,-88.0789,280.93,100,90,3.6,US,1612592957
Sur,22.5667,59.5289,296.39,36,0,2.95,OM,1612592957
Hokitika,-42.7167,170.9667,290.42,72,80,1.58,NZ,1612592958
Grindavik,63.8424,-22.4338,274.15,75,40,7.2,IS,1612592958
Shimoda,34.6667,138.95,289.15,48,0,8.23,JP,1612592958
Le Vauclin,14.5452,-60.8388,298.15,73,75,5.14,MQ,1612592958
Fare,-16.7,-151.0167,300.69,65,15,2.24,PF,1612592958
Shenandoah,30.4013,-91.0009,280.93,93,96,3.13,US,1612592782
Bambous Virieux,-20.3428,57.7575,301.15,78,40,4.12,MU,1612592959
Nānākuli,21.3906,-158.1547,293.15,68,1,2.06,US,1612592959
Caravelas,-17.7125,-39.2481,299.19,80,100,5.27,BR,1612592959
Kumul,42.8,93.45,277.74,57,2,1.58,CN,1612592959
Gīdolē,5.65,37.3667,294.03,37,31,1.11,ET,1612592959
Zhaoyuan,37.3592,120.3964,282.68,47,0,4.34,CN,1612592959
Kirakira,-10.4544,161.9205,301.81,76,97,3.36,SB,1612592795
Olafsvik,64.8945,-23.7142,275.32,81,81,7.09,IS,1612592845
Narsaq,60.9167,-46.05,263.15,57,0,1.54,GL,1612592960
Nouadhibou,20.931,-17.0347,290.21,74,0,8.16,MR,1612592960
Warangal,18.0,79.5833,302.03,31,1,1.75,IN,1612592960
Mitú,1.1983,-70.1733,295.55,98,100,0.95,CO,1612592961
Kargasok,59.0556,80.8572,266.17,97,100,4.76,RU,1612592856
Līgatne,57.2343,25.0406,255.37,89,30,2.08,LV,1612592961
Gimli,50.6336,-96.9907,247.15,64,91,6.17,CA,1612592961
Zhuhai,22.2769,113.5678,302.59,68,20,1.54,CN,1612592961
Nishihara,26.1842,127.7558,297.15,43,20,5.66,JP,1612592815
Kapustin Yar,48.5831,45.7372,268.7,83,15,8.66,RU,1612592961
Buraidah,26.326,43.975,287.15,94,40,3.6,SA,1612592961
Bucerías,20.75,-105.3333,292.59,88,1,1.03,MX,1612592962
Queimados,-22.7161,-43.5553,295.37,94,90,1.54,BR,1612592962
Davila,18.4726,120.5763,302.15,65,20,3.6,PH,1612592962
Amarillo,35.222,-101.8313,275.93,64,1,7.2,US,1612592962
Ternate,0.8,127.4,301.6,79,100,5.35,ID,1612592962
Imeni Poliny Osipenko,52.4201,136.4853,253.78,90,100,1.63,RU,1612592963
Vikārābād,17.3333,77.9,302.15,37,14,3.09,IN,1612592963
Ures,29.4333,-110.4,288.71,32,0,2.24,MX,1612592963
Estelle,29.8458,-90.1067,284.26,82,90,4.63,US,1612592963
Manga,11.6636,-1.0731,295.39,22,56,3.13,BF,1612592963
Santa Lucía,27.9117,-15.5407,287.04,71,40,1.03,ES,1612592964
Inuvik,68.3499,-133.7218,245.15,76,86,1.54,CA,1612592689
Takoradze,4.8845,-1.7554,299.25,88,58,3.37,GH,1612592964
Sakakah,29.9697,40.2064,285.15,82,75,5.14,SA,1612592964
Burnie,-41.0667,145.9167,290.93,85,27,2.24,AU,1612592964
Alugan,12.2188,125.4808,301.46,74,63,5.18,PH,1612592964
Stornoway,58.2093,-6.3865,276.15,75,75,8.23,GB,1612592964
Chinhoyi,-17.3667,30.2,294.42,86,90,3.55,ZW,1612592669
Najrān,17.4924,44.1277,297.15,29,0,5.35,SA,1612592965
Muroto-misakicho,33.2833,134.15,287.15,62,20,3.09,JP,1612592965
Ban Nahin,18.2418,104.2122,305.37,34,21,0.49,LA,1612592965
Dwārka,22.2394,68.9678,296.94,35,0,8.65,IN,1612592965
Umluj,25.0213,37.2685,293.54,52,0,2.79,SA,1612592966
Doka,13.5167,35.7667,291.06,28,0,7.62,SD,1612592966
Nybro,56.7446,15.9071,265.37,92,90,3.6,SE,1612592966
Acaraú,-2.8856,-40.12,297.97,85,21,5.14,BR,1612592966
Ouallam,14.3188,2.0866,294.09,21,17,5.86,NE,1612592966
Paramonga,-10.6667,-77.8333,294.33,77,100,2.26,PE,1612592966
High Level,58.5169,-117.136,242.15,76,75,1.54,CA,1612592966
Ascension,30.2169,-90.9001,282.15,93,90,3.55,US,1612592967
Sept-Îles,50.2001,-66.3821,272.59,100,100,3.09,CA,1612592725
Taltal,-25.4,-70.4833,289.98,79,34,1.35,CL,1612592967
Constitución,-35.3333,-72.4167,286.66,91,7,1.71,CL,1612592967
Narasannapeta,18.4167,84.05,301.14,29,0,2.63,IN,1612592967
Tungor,53.3808,142.9564,254.8,91,100,8.61,RU,1612592967
Deputatsky,69.3,139.9,240.73,88,100,1.67,RU,1612592968
Dunedin,-45.8742,170.5036,289.82,75,13,4.02,NZ,1612592835
Jieshi,22.8134,115.8257,299.26,45,0,0.89,CN,1612592796
Kalmunai,7.4167,81.8167,300.31,81,69,5.94,LK,1612592968
Naviraí,-23.065,-54.1906,289.87,88,0,2.38,BR,1612592870
Ulladulla,-35.35,150.4667,304.82,89,82,4.12,AU,1612592968
Kiryat Gat,31.61,34.7642,287.59,100,14,0.48,IL,1612592745
Lálas,37.7167,21.7167,280.15,100,40,1.68,GR,1612592969
Keelung,25.1283,121.7419,297.15,64,20,4.12,TW,1612592969
Kruisfontein,-34.0033,24.7314,297.04,74,1,0.45,ZA,1612592969
Shache,38.4167,77.2406,279.5,50,62,0.35,CN,1612592969
Natal,-5.795,-35.2094,298.15,88,20,1.03,BR,1612592846
Derzhavīnsk,51.1,66.3167,274.8,88,100,6.54,KZ,1612592969
Mahajanga,-15.7167,46.3167,299.15,83,40,1.54,MG,1612592969
Vrangel',42.7297,133.0839,273.83,84,16,2.92,RU,1612592969
Port Macquarie,-31.4333,152.9167,298.71,91,100,3.03,AU,1612592970
La Santisima Trinidad,-14.8333,-64.9,295.73,80,62,1.24,BO,1612592970
Vredendal,-31.6683,18.5012,292.17,79,16,2.06,ZA,1612592970
Kenitra,34.261,-6.5802,284.15,93,75,4.63,MA,1612592970
Sola,-13.8833,167.55,301.11,75,37,3.4,VU,1612592854
Guánica,17.9716,-66.908,296.48,76,43,3.03,PR,1612592970
Chitipa,-9.7024,33.2697,294.32,87,89,0.51,MW,1612592971
Arrondissement de Bar-le-Duc,48.75,5.1667,281.15,93,90,3.09,FR,1612592971
Zhigansk,66.7697,123.3711,234.38,78,36,2.68,RU,1612592738
Santa Maria,-29.6842,-53.8069,286.92,91,0,0.64,BR,1612592845
Ambilobe,-13.2,49.05,301.38,77,99,0.91,MG,1612592972
Zheleznodorozhnyy,55.7503,38.0042,259.15,78,75,4.0,RU,1612592972
Hornepayne,49.2138,-84.7705,254.32,91,100,4.44,CA,1612592972
Moosomin,50.1333,-101.6677,243.25,85,63,7.14,CA,1612592972
Jumla,29.2747,82.1838,278.93,55,0,1.66,NP,1612592972
Giyani,-23.3025,30.7187,297.17,86,96,2.17,ZA,1612592972
Broken Hill,-31.95,141.4333,300.15,32,40,9.26,AU,1612592827
Salalah,17.0151,54.0924,298.15,57,40,3.09,OM,1612592973
Husavik,66.0449,-17.3389,274.15,69,90,4.63,IS,1612592846
Sarkand,45.41,79.9186,276.69,76,99,0.53,KZ,1612592973
São João da Barra,-21.6403,-41.0511,297.73,90,100,0.14,BR,1612592973
Biak,-0.9131,122.8766,301.74,67,100,1.15,ID,1612592973
Rostock,54.0887,12.1405,272.59,69,75,7.2,DE,1612592974
Tommot,58.9564,126.2925,248.44,84,100,2.1,RU,1612592974
Yakeshi,49.2833,120.7333,254.37,89,8,3.13,CN,1612592887
Ouégoa,-20.35,164.4333,301.14,68,19,3.95,NC,1612592974
Khudumelapye,-23.8833,24.75,292.09,94,100,5.32,BW,1612592974
Samarinda,-0.5,117.15,302.23,85,72,1.43,ID,1612592974
Port Antonio,18.18,-76.4612,300.15,74,20,6.69,JM,1612592974
Tezpur,26.6333,92.8,299.34,31,0,2.3,IN,1612592952
Paoua,7.2427,16.4406,291.68,28,16,1.77,CF,1612592975
Singaraja,-8.112,115.0882,301.53,73,44,5.79,ID,1612592975
Korla,41.7597,86.1469,276.64,60,86,1.13,CN,1612592821
Jalu,29.0331,21.5482,285.93,59,15,2.63,LY,1612592975
Iława,53.596,19.5685,262.49,94,79,3.35,PL,1612592975
Mérida,20.9667,-89.6167,294.82,83,1,4.63,MX,1612592744
Show Low,34.2542,-110.0298,273.15,59,1,2.55,US,1612592976
Huarmey,-10.0681,-78.1522,294.82,74,100,1.56,PE,1612592976
Shiyan,32.6475,110.7781,291.64,27,27,1.33,CN,1612592976
Carlsbad,33.1581,-117.3506,285.37,93,90,0.61,US,1612592741
Ust'-Koksa,50.2696,85.6108,271.86,93,96,0.72,RU,1612592978
Basco,20.4487,121.9702,295.78,80,95,8.05,PH,1612592978
Galle,6.0367,80.217,300.85,74,82,3.72,LK,1612592978
Meadow Lake,34.8014,-106.5436,280.15,31,40,6.17,US,1612592978
Ankang,32.68,109.0172,290.54,29,31,0.99,CN,1612592979
Wangqing,43.3218,129.7634,271.49,94,100,1.59,CN,1612592979
Abhar,36.1468,49.218,278.11,86,100,1.51,IR,1612592979
Launceston,-41.45,147.1667,291.48,67,75,10.8,AU,1612592979
Port Hardy,50.6996,-127.4199,279.15,87,90,2.57,CA,1612592979
Itupiranga,-5.1347,-49.3267,298.15,100,0,1.03,BR,1612592979
Aswān,24.0934,32.907,288.14,56,0,5.79,EG,1612592980
Hualmay,-11.0964,-77.6139,294.35,77,100,2.37,PE,1612592980
Hamada,34.8833,132.0833,287.15,67,20,6.17,JP,1612592980
Vila Velha,-20.3297,-40.2925,301.15,65,0,4.12,BR,1612592980
Bay Roberts,47.5999,-53.2648,273.71,93,90,11.83,CA,1612592980
Līsakovsk,52.5369,62.4936,273.92,94,100,8.97,KZ,1612592980
Shingū,33.7333,135.9833,287.15,47,20,2.57,JP,1612592980
Kachug,53.9606,105.8817,261.42,89,89,0.74,RU,1612592981
Mwinilunga,-11.7358,24.4293,291.92,93,100,0.32,ZM,1612592981
Mushie,-3.0167,16.9,296.57,91,98,1.08,CD,1612592952
Carballo,43.213,-8.691,281.48,88,95,4.02,ES,1612592981
Ust-Maya,60.4167,134.5333,242.82,83,100,0.93,RU,1612592981
A Coruña,43.3713,-8.396,283.15,81,75,5.66,ES,1612592982
Yen Bai,21.7,104.8667,295.66,68,98,0.46,VN,1612592982
Ayan,56.45,138.1667,253.19,81,100,6.4,RU,1612592982
Bom Jesus,-9.0744,-44.3586,295.91,87,94,0.9,BR,1612592982
Alekseyevsk,57.8406,108.3492,260.78,92,100,4.13,RU,1612592982
Nome,64.5011,-165.4064,269.15,100,90,3.6,US,1612592770
Bethel,41.3712,-73.414,274.15,47,1,7.72,US,1612592712
Terme,41.2092,36.9739,280.15,76,40,1.03,TR,1612592983
Asău,46.4333,26.4,273.15,76,100,0.69,RO,1612592921
Trincomalee,8.5711,81.2335,299.75,79,79,6.51,LK,1612592983
Tual,-5.6667,132.75,302.05,79,100,9.31,ID,1612592983
Laramie,41.3114,-105.5911,267.59,73,75,6.17,US,1612592963
Cocal,-28.6167,-49.35,289.2,87,13,1.69,BR,1612592983
Houma,29.5958,-90.7195,285.37,71,90,2.57,US,1612592983
Vestmannaeyjar,63.4427,-20.2734,277.42,73,24,13.93,IS,1612592983
Afşin,38.2477,36.914,272.18,92,50,0.19,TR,1612592984
Oranjemund,-28.55,16.4333,290.51,86,9,4.18,NA,1612592984
Gornopravdinsk,60.05,69.9,275.1,98,100,4.94,RU,1612592984
Vilyuysk,63.7553,121.6247,237.45,82,39,1.15,RU,1612592984
Saint-Augustin,51.226,-58.6502,271.96,98,95,5.12,CA,1612592984
Esim,4.8699,-2.2405,299.31,88,33,3.24,GH,1612592985
San Felipe,10.3399,-68.7425,294.11,89,99,2.24,VE,1612592985
Hobyo,5.3505,48.5268,299.76,64,11,8.54,SO,1612592985
Brainerd,46.358,-94.2008,254.15,60,1,4.12,US,1612592938
Champasak,14.75,106.0,305.15,37,40,1.03,LA,1612592985
Langsa,4.4683,97.9683,304.98,55,78,2.92,ID,1612592985
Mareeba,-17.0,145.4333,304.82,66,40,2.57,AU,1612592897
Camaná,-16.6228,-72.7111,294.52,77,81,2.31,PE,1612592843
Serebryanyy Bor,56.8,124.8,248.34,85,99,3.29,RU,1612592986
Mandera,3.9366,41.867,299.14,61,0,4.13,KE,1612592826
Dharampur,20.5333,73.1833,303.08,19,11,2.79,IN,1612592986
Tripoli,32.8752,13.1875,290.58,40,9,3.43,LY,1612592798
Zaranj,30.9667,61.8833,286.15,19,0,3.09,AF,1612592986
Mantena,-18.7817,-40.9803,296.73,91,100,1.18,BR,1612592987
Putina,-15.4667,-69.4333,280.72,72,89,3.22,PE,1612592987
Barranca,-10.75,-77.7667,293.75,80,100,2.02,PE,1612592987
Amuntai,-2.4177,115.2494,306.33,54,100,1.41,ID,1612592782
Otradnoye,59.7775,30.8181,261.48,79,75,5.0,RU,1612592882
Tocopilla,-22.092,-70.1979,292.13,65,11,1.22,CL,1612592987
Wana,32.2989,69.5725,284.72,38,0,1.86,PK,1612592987
Luganville,-15.5333,167.1667,300.91,78,75,3.69,VU,1612592988
Tomatlán,19.9333,-105.25,292.41,94,12,0.87,MX,1612592988
Kaeo,-35.1,173.7833,293.71,72,99,1.34,NZ,1612592988
Los Llanos de Aridane,28.6585,-17.9182,287.15,58,0,2.57,ES,1612592746
Elbistan,38.2059,37.1983,272.48,97,83,0.7,TR,1612592988
Labuhan,-6.8844,112.2051,301.31,80,99,8.87,ID,1612592778
Richards Bay,-28.783,32.0377,297.9,86,64,0.72,ZA,1612592737
Cururupu,-1.8283,-44.8683,297.79,86,58,2.02,BR,1612592989
Oyama,36.3,139.8,288.71,29,20,3.09,JP,1612592989
